candidate_id,theme,quote,paraphrase,stance
Candidate 1,Performance First,"the brand, what it is saying that it will boost your hair health and it will give a soft conditioning and everything. It is actually delivering it to the mark.",The product actually delivers on the results it promises.,Positive
Candidate 1,Performance First,"What makes me believe is like, first of all, the product is actually genuine, right? What they are selling it.",Genuine product performance is the first thing that builds his trust.,Positive
Candidate 1,Sustainability as a Conditional Value-Add,"Personally, I don't see sustainability as a marker for me to purchase anything",Sustainability alone doesn't drive his purchase decisions.,Mixed
Candidate 1,Sustainability as a Conditional Value-Add,"if the brand is like marketing them and sustainable and if they are doing it, I would always go towards choosing them is because like as a human, it's our moral responsibility to choose always a sustainable","Given a genuine sustainable option, he would always pick it as a moral responsibility.",Positive
Candidate 1,Sustainability as a Conditional Value-Add,"if some certain brand is claiming sustainability too for me, I would decide to buy that actually. That's a plus point for me actually.",A sustainability claim acts as a bonus factor tipping his purchase decision.,Positive
Candidate 1,Blurred Meanings of Clean and Sustainable Beauty,"it's a complete no harm to nature as well, right? Like it is not causing anything to nature.",He equates sustainability with simply not harming nature.,Neutral
Candidate 1,Blurred Meanings of Clean and Sustainable Beauty,"It's related to first point only that using no harmful chemicals, but actually using the source of the product would be from a plant-based organic, not from the laboratory driven actually.",He folds chemical-free and organic sourcing into his idea of sustainability.,Neutral
Candidate 1,"Credibility Through Evidence, Transparency and Consistency","when the brand says on their label, that makes much more sense because I feel like that. That gives a little bit of authenticity to their product.",On-pack claims feel more authentic and credible than ad claims.,Positive
Candidate 1,"Credibility Through Evidence, Transparency and Consistency","Then in that case, like, yeah, the genuineity of that company might fade away for me at least. Like, I won't able to again trust.",A repeated pattern of unmet claims would destroy the brand's credibility for him.,Positive
Candidate 1,Greenwashing and Communication Scepticism,"I feel like over marketing would be one thing I can say. You know, the luxury products, they don't do over marketing.","He associates restrained, non-excessive marketing with trustworthy luxury brands.",Positive
Candidate 1,Greenwashing and Communication Scepticism,"that over marketing will make me trust them much lesser because then it feels like they're convincing me to buy it actually, which is not the purpose of that brand, right?",Excessive promotion feels like pressure to buy and erodes his trust.,Positive
Candidate 1,Reconciling Luxury and Sustainability,"Sustainability, I feel like. That should come by default in luxury brands, like that should not be a point of discussion for them","He thinks sustainability should be a built-in default for luxury, not a talking point.",Positive
Candidate 1,Reconciling Luxury and Sustainability,"It has a very much good experience, obviously, like the experience of using the perfume is very good, you smell very nice, and then you feel very much confident, but you don't have, it's a cherry on the top that you don't even have a pressure of using, spending, spending this much of money on something which is like... are sustainable.",Sustainability adds guilt-free satisfaction on top of the luxury experience without diminishing it.,Positive
Candidate 2,Performance First,"It's the longevity and the fragrance that I am really inspired by. So I think for me, the quality is something that really matters.","Product quality and performance (longevity, scent) are his main draw.",Positive
Candidate 2,Performance First,"To be honest, like what I really go after is the quality of the ingredients. I prefer brands which kind of use minimum number of chemicals or synthetically sourced ingredients.",Ingredient quality outweighs other considerations for him.,Positive
Candidate 2,Sustainability as a Conditional Value-Add,"if everything is similar and it's for me to choose between a sustainable product and a product which does not claim to be sustainable, it definitely gives me a sense of satisfaction","When products are otherwise equal, choosing the sustainable one feels satisfying.",Positive
Candidate 2,Sustainability as a Conditional Value-Add,"if I had to choose between 2 equally good perfumes, one claiming sustainable and sold for let's say 20% higher price, I won't care about it and I would go for the other one which is cheaper but gives me the same quality.","A price premium for sustainability outweighs its appeal, so he picks the cheaper option instead.",Mixed
Candidate 2,Blurred Meanings of Clean and Sustainable Beauty,"On the sustainability side, I only look at the quality and the sourcing of the ingredients, but I won't say it is a big factor for me while I'm deciding to buy a product.","He uses 'sustainability' to mean ingredient quality and sourcing, blurring it with clean-beauty criteria.",Neutral
Candidate 2,Blurred Meanings of Clean and Sustainable Beauty,"They claim to be green, eco-friendly, ethnically sourced ingredients, etc.",Multiple green/ethical terms get lumped together as one vague claim.,Neutral
Candidate 2,"Credibility Through Evidence, Transparency and Consistency","So maybe if, for example, on the packaging, they could have a QR code which I could scan to read the impact report of the company or really what impact they've made.","Accessible, verifiable evidence like a scannable impact report would be more convincing.",Positive
Candidate 2,"Credibility Through Evidence, Transparency and Consistency","for a Prime Mark to say, if a Prime Mark comes to me tomorrow and says that they're fully sustainable, I might not believe them.",A brand's inconsistent past behavior undermines belief in a new sustainability claim.,Positive
Candidate 2,Greenwashing and Communication Scepticism,"So it's kind of, it kind of feels like I'm being greenwashed at certain times.",Widespread sustainability claims start to feel like greenwashing.,Positive
Candidate 2,Greenwashing and Communication Scepticism,"So I don't know, to me it feels more like a marketing gimmick rather than really tangible impact that I've seen.",He sees sustainability claims as more marketing than measurable impact.,Positive
Candidate 2,Reconciling Luxury and Sustainability,it's kind of also excessive for these brands to talk about sustainability when they're the ones who are kind of promoting these products and they're making the maximum margins on these products.,He sees tension between brands' high margins and their sustainability messaging.,Negative
Candidate 2,Reconciling Luxury and Sustainability,I think a brand can be luxurious as well as sustainable at the same time.,He believes luxury and sustainability can coexist depending on positioning.,Positive
Candidate 3,Performance First,"mainly the product, the ingredients or the things that the product has is what matters to me more than the brand or the brand specific, any specific brand.",Product substance matters more to him than brand name.,Positive
Candidate 3,Performance First,"I would rather that the other factors that I've mentioned, like, you know, longevity, not having any issues with my body or skin, and in general, the type of fragrance, like if I like the notes or not, and all those things.","Performance factors (longevity, skin compatibility, scent) matter more than luxury status.",Positive
Candidate 3,Sustainability as a Conditional Value-Add,"I would go for a sustainable product. I mean, I'm assuming that the prices are same or similar.","Given comparable price, he'd choose the sustainable option.",Positive
Candidate 3,Sustainability as a Conditional Value-Add,"if the markup is too high, then I won't consider the sustainable product because at the end it's like consumerism.",A high sustainability premium makes him abandon the sustainable choice.,Mixed
Candidate 3,Blurred Meanings of Clean and Sustainable Beauty,"As in like, you know, they're using just different words, but they mean the same thing. Sustainable has to mean something different in my personal opinion.","He sees 'clean' and 'natural' as synonyms, distinct from 'sustainable', though brands blur them.",Positive
Candidate 3,Blurred Meanings of Clean and Sustainable Beauty,"it is possible that for the consumer or in general, like they are trying to make people think that they are sustainable, but they are using similar kind of words, similar things, just a lot of jargons or a lot of synonyms and all.",Brands use many overlapping buzzwords that really mean the same thing.,Positive
Candidate 3,"Credibility Through Evidence, Transparency and Consistency","if a brand actually claims something, then there has to be a trail of it. as in where I can trace it, I can look for it somewhere or the other.",Claims need a traceable evidence trail to be believable.,Positive
Candidate 3,"Credibility Through Evidence, Transparency and Consistency","I feel like if a brand is claiming it, any kind of brand is claiming it. I think they should clearly have a track of it, as in where the consumers can see it, clear transparency with evidence and everything.","Visible, trackable transparency is essential for consumer trust.",Positive
Candidate 3,Greenwashing and Communication Scepticism,"So I feel that is one of the things which I pulled and that has made me think, feel like, okay, I'm not buying from H&M and I haven't. So it does have, it is a factor for me, I feel like.",A greenwashing/labor scandal made him stop buying from a brand.,Positive
Candidate 3,Greenwashing and Communication Scepticism,"So I feel like that is the whole, like that ruins the whole basis of having the genuine commitment.","Paying for sustainability badges undermines genuine commitment, breeding scepticism.",Positive
Candidate 3,Reconciling Luxury and Sustainability,"I feel like if we talk about being luxury and sustainable together, I think it is possible. It's just that their profits would be minimized.",Luxury and sustainability can coexist if brands accept lower margins.,Positive
Candidate 3,Reconciling Luxury and Sustainability,"they can have their high prices still because of the brand name, but they can decrease their profits and actually make it sustainable as well.",Brands can stay premium-priced and prestigious while becoming sustainable by trimming profit.,Positive
Candidate 4,Performance First,"Sustainability is not one of the major things that I factor in when I'm trying to buy a luxury product. I don't, that might be a plus point, but it's not one of the first points that comes to my mind.","Sustainability is a minor plus, not a primary purchase driver for luxury beauty.",Positive
Candidate 4,Performance First,I think the beauty brand that I trust the most is Charlotte Tilbury because I have seen a lot of people talking very good about the performance of the products and then I used them and then I saw how good they are.,"Trust in Charlotte Tilbury is built on proven product performance, not sustainability.",Positive
Candidate 4,Sustainability as a Conditional Value-Add,"I would definitely choose the sustainable one because if the price point is the same, the quality is the same, the performance is the same, why would I go for a product that is not doing anything for the environment? If there is an option that is sustainable, then there is no doubt in my mind that I would go for it.","When price, quality and performance are equal, she would pick the sustainable option without hesitation.",Positive
Candidate 4,Sustainability as a Conditional Value-Add,"I think I would factor those two more than sustainability, but then again, if sustainability is one of the factors, I would definitely gravitate towards it more.","Price and effectiveness outweigh sustainability, but sustainability tips the scale when present.",Positive
Candidate 4,Blurred Meanings of Clean and Sustainable Beauty,"If a brand is clean, it's using, for say, now there's a really big requirement of not having parabens. in products, which are really bad for the environment and for the skin.","She treats ""clean"" (paraben-free) as automatically meaning good for both skin and environment.",Mixed
Candidate 4,Blurred Meanings of Clean and Sustainable Beauty,"It is expensive, but it's so clean and they're so transparent and... I purchased it because of their transparency and the fact that the brand really uses clean ingredients.",Clean ingredients and transparency are bundled together as one reason to buy.,Mixed
Candidate 4,"Credibility Through Evidence, Transparency and Consistency","now there's also a huge trend of transparency in the ingredient list. So all these big companies, they list all of their ingredients, and you can just cross-check if that company is making that claim.","Published ingredient lists let her verify a brand's claims herself, boosting credibility.",Positive
Candidate 4,"Credibility Through Evidence, Transparency and Consistency",I think I would be more convinced by packaging because it feels more personal and it feels like I have solid proof of that.,"Tangible, in-hand packaging evidence is more convincing than distant marketing claims.",Positive
Candidate 4,"Credibility Through Evidence, Transparency and Consistency","I think if they do annual press releases with actual proofs of what impact they had, maybe a lot of companies are doing it already.","Concrete, regularly-published proof of impact would increase her trust in brand claims.",Positive
Candidate 4,Greenwashing and Communication Scepticism,"I think it would completely ruin that company's reputation in my mind. Because if you're just using sustainability as a glamour factor to have more people buy your products and you're actually not incorporating anything, that just makes you a liar.",Using sustainability as pure marketing glamour without real substance would destroy trust permanently.,Positive
Candidate 4,Greenwashing and Communication Scepticism,"But a part of me would also think that are they doing it to be relevant now since a lot of brands are trying to catch up and they might want to be, they might not want to be left behind.",She suspects legacy brands' sustainability claims may just be catch-up marketing rather than genuine.,Mixed
Candidate 4,Reconciling Luxury and Sustainability,"I think there are certain areas in which a brand can be, a luxury brand can be sustainable, but they can't, I don't think they can fully integrate sustainability because that would in a way make them lose the essence of the brand.",Luxury brands can be partly sustainable but full integration would undermine their brand essence.,Negative
Candidate 4,Reconciling Luxury and Sustainability,"I don't think luxury is the factor that changes the consumption patterns. I think it's the consumer mentality, not the luxury product.","Excessive consumption is a matter of consumer mindset, not an inherent trait of luxury itself.",Mixed
Candidate 5,Performance First,I would say it's not very high on the list for me when I'm choosing a product such as a sunscreen or a facial product. I would care more about whether it will actually work out for my personal requirements and not about how sustainable it is.,Whether a product actually works for his skin matters far more than its sustainability.,Positive
Candidate 5,Performance First,"So I feel if I have to go for something which is quite, which I have to buy regularly, I would of course consider the quality, but as well as the price.","For regularly-repurchased products, quality and price are the deciding factors.",Positive
Candidate 5,Sustainability as a Conditional Value-Add,"I mean, if the price and the quality of the product are same, then I don't mind you going for the sustainable option. I feel if by doing that I can contribute to the environmental impact, then why not?","With price and quality equal, he'd happily pick the sustainable option.",Positive
Candidate 5,Sustainability as a Conditional Value-Add,"the shampoo that I had used in the past year by DECLERCQ, the product packaging was labeled as sustainable, so that really played. I mean, it played a bit of part in helping me decide that I want to go for that product because.",A sustainable packaging label played a partial role in choosing that shampoo.,Positive
Candidate 5,Blurred Meanings of Clean and Sustainable Beauty,"for me, I feel it feels like a defined marketing category more than something which has a strict meaning.","He sees ""clean"" as a fuzzy marketing label rather than a term with a strict definition.",Positive
Candidate 5,Blurred Meanings of Clean and Sustainable Beauty,"So a clean product can also be a natural product, I feel.","He conflates ""clean"" and ""natural"" as largely overlapping concepts.",Mixed
Candidate 5,"Credibility Through Evidence, Transparency and Consistency","Well, certifications, I feel, would matter more to me than the brand just saying it out loud. So, for example, they lean on the methodological testing and recommendations, which is kind of an external validation.",Third-party certifications carry more weight for him than a brand's own statements.,Positive
Candidate 5,"Credibility Through Evidence, Transparency and Consistency","And that consistency is what makes me trust it. For me, the product has really worked.","Consistent, clear communication plus real product results build his trust.",Positive
Candidate 5,"Credibility Through Evidence, Transparency and Consistency",it would matter because consistency is what really matters to me and it would make it would be a make or break factor for me because you can't be. non-sustainable one day and sustainable the other.,A sudden sustainability claim without consistent history would be a major credibility problem.,Positive
Candidate 5,Greenwashing and Communication Scepticism,"For me, I think social media claims feel less credible, especially from influencers, since we know it's a paid promotion regardless of the product. We can read it when they have mentioned it, of course.",Influencer sustainability claims feel untrustworthy because they're seen as paid promotion.,Positive
Candidate 5,Greenwashing and Communication Scepticism,It's like a status and the strength first. So I would be skeptical if they suddenly leaned hard into it.,"For status-driven fragrance brands, a sudden hard pivot to sustainability messaging would raise his suspicion.",Positive
Candidate 5,Greenwashing and Communication Scepticism,"Well, I think I read a specific scandal about L'Oreal during my studies. I think they were using child labor for making their products.",A remembered ethical scandal permanently damaged his view of the L'Oreal brand.,Positive
Candidate 5,Reconciling Luxury and Sustainability,"I mean, I think there's a real contradiction here. For example, a product is heavily packaged, shipped globally, and marketed on desirability and access to it.","Global shipping, heavy packaging and desirability-driven marketing directly conflict with sustainability.",Negative
Candidate 5,Reconciling Luxury and Sustainability,"So I feel a brand can be luxurious and sustainable in theory, but I think it requires much more and it requires the brand to actually redesign around it. Rather than add sustainability over the top.","Luxury and sustainability can coexist only if the brand is redesigned around it, not just layered on top.",Positive
Candidate 6,Performance First,"So for me, it's a bit harder to answer maybe because I don't, for beauty and skin, I don't really differentiate between luxury and non-luxury brands. So anything that has quality would grab my attention.",She doesn't distinguish luxury from non-luxury beauty products; quality alone drives her attention.,Positive
Candidate 6,Performance First,"I don't look at it like that. If they are giving me the same result, I'm good with it.","She's satisfied with any product, luxury or not, as long as results are equal.",Positive
Candidate 6,Performance First,"if a product is good, it's good. If it's not good, it's not good.","Product effectiveness alone determines her judgment, not sustainability.",Positive
Candidate 6,Sustainability as a Conditional Value-Add,"Then I'll just go for a sustainable one because then it's like one added thing, right? So yeah, I'll go for sustainable product.","When two products are otherwise identical, sustainability becomes the tie-breaking bonus.",Positive
Candidate 6,Blurred Meanings of Clean and Sustainable Beauty,"I feel there are a lot of brands that are doing vegan makeup, let's say, or vegan products wherein they do, they don't use any, everything's vegan. So that's one thing.","She cites ""vegan"" products as an example of sustainability without being sure the two are actually linked.",Mixed
Candidate 6,"Credibility Through Evidence, Transparency and Consistency","So for me, any claim without evidence is something that I would not believe. And they are always making claims.",She rejects any sustainability claim that isn't backed by evidence.,Positive
Candidate 6,"Credibility Through Evidence, Transparency and Consistency",I would want to see the evidence if the product quality remains.,"She'd demand proof before believing a sustainability claim, conditional on quality staying intact.",Positive
Candidate 6,"Credibility Through Evidence, Transparency and Consistency","audited, audited being like by a third party, then I would believe. I would try to believe, I would say.",Third-party audited evidence is what would make her believe a sustainability claim.,Positive
Candidate 6,Greenwashing and Communication Scepticism,"and anything can be marketed in a certain way and any story can, any negative story, if you change perspective, can be made into a positive story. So I am very bullish on all of this and I don't believe it.",She distrusts sustainability marketing because any story can be spun positively regardless of truth.,Positive
Candidate 6,Greenwashing and Communication Scepticism,And generally these brands are not really putting forward any evidence. And they're also very good at manipulating the evidence.,She believes big brands lack real evidence and are skilled at manipulating what evidence exists.,Positive
Candidate 6,Greenwashing and Communication Scepticism,"I don't remember any controversy, but even if there is a controversy and I really like the brand and I really like the products, it's not really going to change my change any impact for me.",Even a greenwashing scandal wouldn't change her loyalty to a brand she likes.,Negative
Candidate 6,Reconciling Luxury and Sustainability,sustainable like if they have a line of sustainable sunscreen that doesn't make the whole beauty line of the company sustainable.,One sustainable product line doesn't make an entire luxury brand genuinely sustainable.,Negative
Candidate 6,Reconciling Luxury and Sustainability,"sustainability is harder to achieve at scale. If it's a small brand, it's easier for them to achieve sustainability because the scale is not like not as large.",Operating at global scale makes genuine sustainability much harder for luxury brands to achieve.,Negative
Candidate 6,Reconciling Luxury and Sustainability,"Chanel, Dior, all these brands, they're not just beauty brands, they're much more than that and they can't be saying that. Oh, we are sustainable in this area, but in the other areas, they're like really, I mean, fashion brands itself are very brands that emit a lot of, they who have a lot of CO2 emission, CO2 footprint.",Multi-category luxury conglomerates can't credibly claim sustainability while other divisions have heavy carbon footprints.,Negative
Candidate 7,Performance First,"For me, brand is a brand name is more often assurance. Yes, you might find the exact same thing for much cheaper.","Brand names mainly signal assured quality, not novelty, to this candidate.",Positive
Candidate 7,Performance First,"For me, it doesn't matter too much if a product, if it is a beauty product and it's not too expensive, then I'm happy if it's working for me. If it's a luxury beauty product that is working for me, then okay, I'll pay the extra price and I'll keep using it.",Whether a product works matters more than whether it is a luxury item.,Positive
Candidate 7,Sustainability as a Conditional Value-Add,"The sustainability, I won't say it is like the biggest priority when I'm buying something. Sure, if I am looking at two things and one is more sustainable and the other one is not, and they offer the same things and the prices are similar somewhat, then I'll go for the sustainability one.",Sustainability only becomes a deciding factor when competing products are otherwise comparable.,Positive
Candidate 7,Sustainability as a Conditional Value-Add,For sure I would choose the one with sustainability if they are similar products and then I don't mind I will go ahead for sustainability and for why because I love earth.,"Given identical products, sustainability tips the choice in its favor.",Positive
Candidate 7,"Credibility Through Evidence, Transparency and Consistency","So first thing would be showing me the result, okay, this is what actually happened. And then verification from actual sources.",Claims become credible when backed by visible outcomes plus independent verification.,Positive
Candidate 7,"Credibility Through Evidence, Transparency and Consistency","It's good you have the idea that, okay, this is sustainable, but I just want to make sure that that sustainability claim comes with authenticity. And it's not out of nowhere.",Sustainability messaging is acceptable as long as it is backed by authentic proof.,Positive
Candidate 7,Greenwashing and Communication Scepticism,"You'll see companies like L'Oreal claim, have huge marketing events and claim to be 100% recyclable bottles and very healthy for the ecosystem, but actually they don't really care about it. Like the bottles were plastic, but the caps which make up like 30% of the bottle were actually made of normal plastic.",Grand recyclability marketing claims can hide products that are not truly eco-friendly.,Positive
Candidate 7,Greenwashing and Communication Scepticism,"For me, I don't really believe in things that I see on social media.",He distrusts sustainability messaging encountered on social media.,Positive
Candidate 7,Reconciling Luxury and Sustainability,"For example, you can plant 1000 field of flowers and only you'll only pick 10 of them and the rest of them go to waste to make sure that you get the best quality of perfume. But eventually you are wasting A lot.","Achieving top luxury quality inherently generates waste, undercutting sustainability.",Negative
Candidate 7,Reconciling Luxury and Sustainability,"So I feel like if you talk about luxury and you talk about the highest mark of luxury, then I don't think it is. It is something that goes naturally with sustainability.","At the highest tier of luxury, sustainability does not fit naturally, in his view.",Negative
Candidate 8,Performance First,"I feel like when you talk about luxury products, you automatically pay a lot of lot for it. And it like you just imply that it's of good quality.",Higher price is read as a signal of good quality in luxury products.,Positive
Candidate 8,Performance First,I have like curly hair and most shampoos that you get in like market contain sulfur or silicon and both of these ingredients really like destroy curly hair.,Product suitability for her specific hair needs drives her ingredient choices.,Positive
Candidate 8,Sustainability as a Conditional Value-Add,"Yeah, so if I had to compare, yes, because I feel like if the pricing and everything was similar, even though it might not, I still know that's probably greenwashing or probably the claims are not true.","When price is comparable, she leans toward the sustainability-claiming option despite doubts.",Positive
Candidate 8,Sustainability as a Conditional Value-Add,"even if they might not believe in like sustainability, they would prefer having a sustainable product over an unsustainable product if everything is same, because at the end of the day, then you are a sustainable consumer, even if it's greenwashing, because that's not your fault.","Consumers pick the sustainable option when all else is equal, even if skeptical of the claim.",Positive
Candidate 8,Blurred Meanings of Clean and Sustainable Beauty,"like products which are probably not like, which are probably tested or something like that. I feel like it also includes things like fair trade, having a transparent supply chain, and not using animals to be like to test a product, and really like normal things like that, or even like exploit a car.","Her definition of ""sustainability"" blurs together ecological, ethical and pricing concerns into one broad umbrella term.",Positive
Candidate 8,Blurred Meanings of Clean and Sustainable Beauty,the less fragrance it has or the like the lesser time it stays on skin and everything. I feel like it gives a more like I feel like I might perceive that brand as more sustainable because I feel like there are lesser chemicals used or.,"She infers ""sustainable"" from clean-beauty cues like fewer chemicals or fragrance, conflating the two concepts.",Positive
Candidate 8,"Credibility Through Evidence, Transparency and Consistency","And it's a luxury brand, but it really has been focusing on sustainability and they've been super transparent with their supply chain and everything.",A trusted luxury brand earns credibility through genuine supply-chain transparency.,Positive
Candidate 8,"Credibility Through Evidence, Transparency and Consistency",I feel like all products. need to have a like transparency. All brands that need to have a transparency.,She believes transparency across all brands is essential for the industry to be credible.,Positive
Candidate 8,Greenwashing and Communication Scepticism,"Personally, like first thought when it comes to me is like that it's vague because most brands claim this like the same thing, dermatologically tested or like eco-friendly. There's no depth to it.","Generic, repeated claims like ""dermatologically tested"" feel vague and lack substance.",Positive
Candidate 8,Greenwashing and Communication Scepticism,"And it's just greenwashing when they say, oh, it doesn't contain like harmful chemicals which destroy the whatever original oil of your hair and everything. So I feel like there's a lot of like greenwashing in those senses where they have like something like, oh, this is clinically tested or.",Vague chemical-free or clinically-tested claims are perceived as greenwashing.,Positive
Candidate 8,Reconciling Luxury and Sustainability,"Yeah, I think I think it is completely possible. Yeah, like they will have to compromise on a few things.","Believes luxury and sustainability can coexist, though with some tradeoffs.",Positive
Candidate 8,Reconciling Luxury and Sustainability,"I feel like when a brand positions itself at luxury and sustainability, I feel like it's a contradiction. It's sort of like a paradox and both don't completely go well together because I again told you that sustainability for me is not just like 2 things, it's a lot of things.",Sees an inherent tension between luxury positioning and broad sustainability claims.,Negative
Candidate 9,Performance First,"For me personally, when I buy a luxury product, for me, it's the experience and the quality of product in general. So for me personally, I don't think I indulge more into the sustainability context of the product.",Quality and experience outweigh sustainability considerations in her luxury purchases.,Positive
Candidate 9,Performance First,"Well, apart from the quality of the product, which is great for me personally, it gives me a sense of exclusivity and it gives me a sense of standing out.",Product quality plus exclusivity/status are what she values in luxury beauty.,Positive
Candidate 9,Sustainability as a Conditional Value-Add,"I would personally go for the sustainable product because again, the industry is based on trust and if they are claiming that and if all the ingredients and everything is same, so why not just take an extra step to, you know, actually save the planet.","When products are otherwise equal, sustainability becomes the deciding tiebreaker.",Positive
Candidate 9,Sustainability as a Conditional Value-Add,"To a certain extent, yes. But again, if the ingredients, quality and the experience of the product is the same, then I would go for the sustainable products still.","Packaging appeal matters somewhat, but sustainability still wins when core quality is equal.",Positive
Candidate 9,Blurred Meanings of Clean and Sustainable Beauty,"And for sustainable, I believe they would use sustainable packaging, reusable materials. So I believe they're a little different in my mind.","She explicitly treats ""clean"" and ""sustainable"" as distinct concepts.",Positive
Candidate 9,Blurred Meanings of Clean and Sustainable Beauty,"So in order to maintain that trust, I believe that whenever a luxury brand, so to say, does the advertising of its clean natural products, I would like to believe that it is true because the entire industry is based on trust.","Despite later distinguishing the terms, she initially bundles ""clean"" and ""natural"" together as one claim.",Mixed
Candidate 9,"Credibility Through Evidence, Transparency and Consistency","Well, just like straight away, if they say that they're sustainable, I would want to see some claims. I would not like to, you know, just believe that in one day everything happened because it's again a process to source the materials.",She wants concrete proof before accepting a sudden sustainability claim.,Positive
Candidate 9,"Credibility Through Evidence, Transparency and Consistency","I would still be skeptical because again, past is a prediction of the future kind of like that. But if they actually have given all the proof certifications and everything, so I wouldn't mind.",Certifications and proof can overcome skepticism rooted in a brand's past behavior.,Positive
Candidate 9,Greenwashing and Communication Scepticism,It depends on the influencer. Some influencers are paid left and right high amounts to just claim and it doesn't actually stand or the claims are wrong.,Paid influencer endorsements can be unreliable rather than credible evidence.,Positive
Candidate 9,Greenwashing and Communication Scepticism,"But again, talking about Amazon, it has kind of... It is kind of a very big player in the e-com industry and I would trust the products and everything that is listed on there.","Despite known greenwashing controversies, she keeps trusting/using the brand for lack of alternatives.",Mixed
Candidate 9,Reconciling Luxury and Sustainability,"So I believe that is true, but I do not believe it's wasteful.","Rejects the idea that luxury is inherently wasteful, supporting a luxury-sustainability fit.",Positive
Candidate 9,Reconciling Luxury and Sustainability,"And as for the luxury industry, I believe Jérémy is a brand that actually follows through with the sustainability claims.",Cites a luxury brand she believes genuinely combines luxury with real sustainability follow-through.,Positive
Candidate 10,Performance First,"So, of course, they are a big name. And when I think of these brands, good quality of products come in my mind.",Luxury brand names signal good quality that she trusts.,Positive
Candidate 10,Performance First,I would still go for it if it suits me.,She will use an ingredient that suits her skin regardless of other claims.,Positive
Candidate 10,Sustainability as a Conditional Value-Add,"And to support my answer, I can say that when I use it, it doesn't cost me anything different than the other products. So why not just go with the sustainable one?","When price and quality are equal, she would pick the sustainable option.",Positive
Candidate 10,Blurred Meanings of Clean and Sustainable Beauty,"I think clean beauty, it's about the ingredients and the formulation of the product. And sustainability is more a broader term.",She distinguishes clean beauty (ingredients/formulation) from the broader concept of sustainability.,Positive
Candidate 10,Blurred Meanings of Clean and Sustainable Beauty,more of natural ingredients than plastic and that in my mind could be an eco-friendly product.,"She equates natural ingredients directly with being an eco-friendly product, blending the two concepts.",Positive
Candidate 10,"Credibility Through Evidence, Transparency and Consistency",I would personally go and check whether the product does have those kind of ingredients that they're talking about and the amount on it.,She verifies claims by checking actual ingredient content and quantities.,Positive
Candidate 10,"Credibility Through Evidence, Transparency and Consistency","there's nothing hidden if they're very transparent with me, then it's okay with me to trust the brand, to be honest.",Transparency with nothing hidden earns her trust.,Positive
Candidate 10,"Credibility Through Evidence, Transparency and Consistency","I would really, you know, see the proof that they have actually changed from their past and how they have changed","She wants proof of actual change, not just claims.",Positive
Candidate 10,Greenwashing and Communication Scepticism,"I feel like a lot of things, it's difficult for them to make sustainable, especially in terms of packaging and production. So yeah, it could also be just a marketing gimmick.",She suspects sustainability claims may just be a marketing gimmick.,Positive
Candidate 10,Greenwashing and Communication Scepticism,"if a brand is just putting some ads, especially on social media or maybe some television ads, saying that they are sustainable, I would prefer, I would understand that this is, you know, a marketing strategy for them.","Ads alone claiming sustainability read to her as pure marketing, not proof.",Positive
Candidate 10,Greenwashing and Communication Scepticism,"So when they are discarded, they go nowhere and they are not properly, you know, discarded. So it kind of affected how I saw the brand.",Learning about Zara's poor disposal practices damaged her view of the brand.,Positive
Candidate 10,Reconciling Luxury and Sustainability,"It really depends on what the consumer is liking. If they like to buy a higher priced product and is sustainable, I think it still, you know, sustains their luxury brand.",A higher-priced sustainable product can still uphold a brand's luxury status.,Positive
Candidate 10,Reconciling Luxury and Sustainability,"Good for them if they can do it, because as I said, sustainable brands can be luxury.","She affirms sustainable brands can be luxury, while doubting a rapid full transformation.",Mixed
Candidate 11,Performance First,"it's not usually the first factor that would come to my mind while I'm buying a product. So product quality, effectiveness, longevity, you know, personal preferences, all these are the factors which are above sustainability right now.","Quality, effectiveness and longevity rank above sustainability in her purchase decisions.",Positive
Candidate 11,Performance First,"for me the initial attraction is usually how it looks, how it makes, how is the quality of the product, its fragrance, brand reputation and personal preference as well.","Her initial attraction to a product centers on quality and experience, not sustainability.",Positive
Candidate 11,Sustainability as a Conditional Value-Add,"if two products are genuinely good and they are equally good and I like both of them, then I would like further go to a factor like sustainability that okay, if something it is giving an output like that in terms of sustainability, then I would go for it.","When two products are equally good, sustainability becomes the deciding factor.",Positive
Candidate 11,Sustainability as a Conditional Value-Add,"if everything else is genuinely identical, I would go for the sustainable one.","Given identical products, she would choose the sustainable option.",Positive
Candidate 11,Blurred Meanings of Clean and Sustainable Beauty,"when they talk about it's natural, it's not, it doesn't automatically mean that it's sustainable. It could be like natural, but still have a significant environmental impact to it.","She distinguishes 'natural' from 'sustainable,' noting natural products can still harm the environment.",Positive
Candidate 11,Blurred Meanings of Clean and Sustainable Beauty,"when they talk about, for example, clean beauty, what comes to my mind is that they are excluding certain products. For example, they use like sulfate free, paraben free or this kind of these products, these kind of ingredients are not included in their products.",She defines clean beauty narrowly as the exclusion of specific ingredients.,Positive
Candidate 11,"Credibility Through Evidence, Transparency and Consistency",I'd be more interested in knowing like whether the packaging is actually recyclable or not and whether it is designed in that in that way that it reduces waste or not.,"Vague packaging claims matter less to her than specific, checkable facts.",Positive
Candidate 11,"Credibility Through Evidence, Transparency and Consistency","the MyWay bottle is a refillable bottle, so you can use the same bottle again. So that encourages consumers to, you know, keep the original bottle and reduce the packaging waste.","A visible, tangible action like a refillable bottle proves a brand's sustainability effort.",Positive
Candidate 11,"Credibility Through Evidence, Transparency and Consistency","You have to be consistent with your claims and that's how I would like, I would build more trust into the brand.","Consistent follow-through on claims, not one-off campaigns, builds her trust.",Positive
Candidate 11,Greenwashing and Communication Scepticism,"if brands are constantly trying to convince me that they are ethical or sustainable, that's simply feel like, okay, they are doing it for the numbers, just for the, you know, the image that they want to create.",Constant persuasion about being sustainable reads as image-driven marketing to her.,Positive
Candidate 11,Greenwashing and Communication Scepticism,"aggressive communication that, okay, we are sustainable, we are sustainable. That doesn't really appeal to me.","Repetitive, aggressive sustainability messaging fails to persuade her.",Positive
Candidate 11,Greenwashing and Communication Scepticism,"I think one of the controversies was about Dior, if I'm not wrong, that they are, you know, using a lot of greenwashing terms or just simply claiming to it.",She recalls a greenwashing controversy involving Dior.,Positive
Candidate 11,Reconciling Luxury and Sustainability,"sustainability on the other hand, it's, you know, encourages more conscious consumption and responsible towards, you know, towards the resources and nature and everything. But I don't think that they can be so incompatible that it's not possible to believe that a luxury brand can do that.",She rejects the idea that luxury and sustainability are fundamentally incompatible.,Positive
Candidate 11,Reconciling Luxury and Sustainability,"I think luxury can evolve, you know, from being about access to about being about quality and longevity and also internal consumption as well.","Luxury can evolve from exclusivity toward quality and longevity, aligning with sustainability.",Positive
Candidate 11,Reconciling Luxury and Sustainability,"instead of buying more products, maybe luxury becomes about buying fewer but better products.","Future luxury could mean fewer, better, longer-lasting products rather than excess.",Positive
Candidate 12,Performance First,"So I do not choose a product only because it is sustainable, but if it does not work well for my skin or does not give me the results I want ideally, I prefer product that performs well and is also environmentally responsible.",She will not choose a product for sustainability alone if it does not perform or suit her skin.,Positive
Candidate 12,Performance First,"No, I don't remember any situation where sustainability was the main reason I have purchased any product. I may consider it as one of the factors, but usually effectiveness and suitability for my skin and my previous experience with the product matters more to me.",Effectiveness and personal fit outweigh sustainability as purchase drivers.,Positive
Candidate 12,Performance First,"So for me, it is not only about the brand name, The product has to actually work well for me.",Product performance matters more to her than brand name alone.,Positive
Candidate 12,Sustainability as a Conditional Value-Add,"if both products are equal in all the terms, I would prefer the sustainable option, but I would still try to check both products properly before deciding because I would want to understand whether the sustainability claim is true or genuine.","Given equal products, she leans sustainable but still verifies the claim first.",Positive
Candidate 12,Sustainability as a Conditional Value-Add,I think I would research sustainability claim more deeply if I saw something that made me doubt the brand or if the sustainability become an important deciding factors between two products.,She would dig deeper into sustainability claims mainly when it becomes a genuine tiebreaker between products.,Positive
Candidate 12,Blurred Meanings of Clean and Sustainable Beauty,"I do not think all of this word necessarily mean exactly the same thing, but overall that gave me the, they gave me the impression that the brand is trying to be more environmentally responsible.",She knows the terms differ but they blend into one overall impression of environmental responsibility.,Positive
Candidate 12,Blurred Meanings of Clean and Sustainable Beauty,"I usually associate them with things like safer or more natural ingredient, less harmful packaging, recyclable material, or more responsible production.",She bundles clean-beauty and sustainability terms into one shared set of associations.,Positive
Candidate 12,"Credibility Through Evidence, Transparency and Consistency","For me, the possible experience built trust more than the advertising alone. The brand consistently gave me good result and provide clear information about the product, I am more likely to trust it.",Personal experience and consistent results build more trust than advertising.,Positive
Candidate 12,"Credibility Through Evidence, Transparency and Consistency",I would probably want to understand what exactly they mean by fully sustainable and see some supporting information.,She would demand specific supporting evidence behind a broad sustainability claim.,Positive
Candidate 12,"Credibility Through Evidence, Transparency and Consistency","I think brands past behavior also would also matter because that trust, because trust develop all the time, not just in one claim.","Trust is built over a track record of behavior, not from a single claim.",Positive
Candidate 12,Greenwashing and Communication Scepticism,"I think it is a mix of both, but if I had to estimate, I would say 60% is marketing and 40% is actual effort.",She estimates sustainability claims are majority marketing rather than genuine effort.,Mixed
Candidate 12,Greenwashing and Communication Scepticism,"But if I found that the brand is making a false claim or misleading the sustainability claim, it would definitely reduce the trust in the brand. I would probably become more cautious and check their claims more carefully before buying from them again.",Discovering a false or misleading claim would damage her trust and increase her scrutiny.,Positive
Candidate 12,Reconciling Luxury and Sustainability,"I really think that brand can go both luxurious and sustainable. For me, luxury does not necessarily mean that the product has to be wasteful.","She believes luxury and sustainability are compatible, not inherently wasteful.",Positive
Candidate 12,Reconciling Luxury and Sustainability,"A product, a brand can still provide good quality premium packaging and luxury experience while also making better choices in terms of ingredient sourcing, packaging and wasteful reduction. So I think both can go exist together if the brand generally makes an effort.",Brands can keep premium quality and experience while making more responsible choices.,Positive
